id;token;name;email;username;password
1;invoice JSON Rhône-Alpes;pixel;test.test@gmail.com;extend Fish;Triple-buffered
2;Granite Corse;Switchable Real;test.test2@gmail.com;deposit Industrial;matrix state Sports
3;Brunei Electronics;red navigate;test.test3@gmail.com;vertical Congo;Savings
4;up invoice overriding;a maximized Shoes;test.test4@gmail.com;interfaces Andorre;standardization
5;functionalities;Mozambique;test.test5@gmail.com;navigate mindshare Peso;frictionless concept Grass-roots
6;Dahomey;withdrawal reboot;test.test6@gmail.com;Chair;démocratique Steel
7;connect Account;Monitored circuit;test.test7@gmail.com;back-end Lari;JBOD
8;paradigm mobile;a Superviseur program;test.test8@gmail.com;Manager turquoise;feed Games Bénin
9;capacitor;portals;test.test9@gmail.com;Pants ADP Dollar;24/7 Canadian Bacon
10;Rica hack;application c;test.test10@gmail.com;Liechtenstein;Keyboard Coordinateur
